<?xml version="1.0" encoding="UTF-8"?>
<beans xmlns="http://www.springframework.org/schema/beans"
	xmlns:xsi="http://www.w3.org/2001/XMLSchema-instance" xmlns:tx="http://www.springframework.org/schema/tx"
	xmlns:aop="http://www.springframework.org/schema/aop" xmlns:context="http://www.springframework.org/schema/context"
	xsi:schemaLocation="
            http://www.springframework.org/schema/beans
            http://www.springframework.org/schema/beans/spring-beans.xsd
            http://www.springframework.org/schema/aop
            http://www.springframework.org/schema/aop/spring-aop.xsd
            http://www.springframework.org/schema/tx
            http://www.springframework.org/schema/tx/spring-tx.xsd
            http://www.springframework.org/schema/context 
            http://www.springframework.org/schema/context/spring-context-3.0.xsd
            http://www.springframework.org/schema/security
          http://www.springframework.org/schema/security/spring-security-3.0.3.xsd">

	<!-- Register AutowiredAnnotationBeanPostProcessor -->
	<context:annotation-config />

	<!-- supports Transaction using @Transactional annotation -->
	<tx:annotation-driven />

	<context:component-scan base-package="com.mindtree" />

	<!-- PropertyPlaceholderConfigurer class to externalize the deployment details(database 
		details, log file path, etc) into a properties file -->
	<!-- <bean class="org.springframework.beans.factory.config.PropertyPlaceholderConfigurer" 
		> <property name="location" value="classpath:database.properties" /> </bean> -->

	<!-- Database datasource configurations with details fetched from database.properties 
		file -->
	<bean id="dataSource" class="org.apache.commons.dbcp.BasicDataSource">
		<property name="driverClassName" value="com.mysql.jdbc.Driver" />
		<property name="url" value="jdbc:mysql://localhost:3306/cms" />
		<property name="username" value="root" />
		<property name="password" value="root" />
	</bean>

	<!-- SessionFactory for Hibernate, supporting JDK 1.5+ annotation metadata 
		for mappings -->
	<bean id="sessionFactory"
		class="org.springframework.orm.hibernate3.annotation.AnnotationSessionFactoryBean">
		<property name="dataSource" ref="dataSource" />
		<property name="packagesToScan">
			<list>
				<value>com.mindtree.cms</value>
			</list>
		</property>

		<property name="hibernateProperties">
			<props>
				<prop key="hibernate.dialect">org.hibernate.dialect.MySQLDialect</prop>
				<prop key="hibernate.show_sql">true</prop>
				<prop key="hibernate.format_sql">true</prop>
				<prop key="hibernate.hbm2ddl.auto">update</prop>
			</props>
		</property>
	</bean>


	<!-- <bean id="hibernateTemplate" class="org.springframework.orm.hibernate3.HibernateTemplate"> 
		<constructor-arg ref="sessionFactory" /> </bean> -->


	<!-- Hibernate Transaction manager configurations -->

	<bean id="transactionManager"
		class="org.springframework.orm.hibernate3.HibernateTransactionManager">
		<property name="sessionFactory" ref="sessionFactory" />
		<property name="dataSource" ref="dataSource" />
	</bean>


</beans>
